{"0": {"time": {"min": 2.0, "sec": 55.04054617881775}, "loss": {"avg_train_loss": 0.7683358611363285, "avg_val_loss": 0.2879576470170702}}, "1": {"time": {"min": 3.0, "sec": 13.224008321762085}, "loss": {"avg_train_loss": 0.24297902831491433, "avg_val_loss": 0.23889752051659993}}, "2": {"time": {"min": 3.0, "sec": 10.226812839508057}, "loss": {"avg_train_loss": 0.22334826948507777, "avg_val_loss": 0.24583687101091659}}, "3": {"time": {"min": 2.0, "sec": 54.71349620819092}, "loss": {"avg_train_loss": 0.2102679655237018, "avg_val_loss": 0.2593348856483187}}, "4": {"time": {"min": 2.0, "sec": 54.97006034851074}, "loss": {"avg_train_loss": 0.21391026619470344, "avg_val_loss": 0.22456840319292887}}, "5": {"time": {"min": 3.0, "sec": 9.443757057189941}, "loss": {"avg_train_loss": 0.19926998469064822, "avg_val_loss": 0.22972821231399262}}, "6": {"time": {"min": 2.0, "sec": 54.94517421722412}, "loss": {"avg_train_loss": 0.19634113362375297, "avg_val_loss": 0.2257994817835944}}, "7": {"time": {"min": 2.0, "sec": 54.48776054382324}, "loss": {"avg_train_loss": 0.181787556634759, "avg_val_loss": 0.22648853489330836}}}