{"0": {"time": {"min": 2.0, "sec": 26.260594606399536}, "loss": {"avg_train_loss": 1.7701248189188399, "avg_val_loss": 0.4955329873732158}}, "1": {"time": {"min": 2.0, "sec": 43.1998565196991}, "loss": {"avg_train_loss": 0.3302153481065102, "avg_val_loss": 0.27926152518817354}}, "2": {"time": {"min": 2.0, "sec": 43.436981201171875}, "loss": {"avg_train_loss": 0.24910342187251686, "avg_val_loss": 0.2727913824575288}}, "3": {"time": {"min": 2.0, "sec": 49.08587718009949}, "loss": {"avg_train_loss": 0.22914355740232287, "avg_val_loss": 0.2645917630621365}}, "4": {"time": {"min": 2.0, "sec": 52.21248435974121}, "loss": {"avg_train_loss": 0.212887002049752, "avg_val_loss": 0.266195331301008}}, "5": {"time": {"min": 2.0, "sec": 38.051684617996216}, "loss": {"avg_train_loss": 0.20816787037084689, "avg_val_loss": 0.24150054263217108}}, "6": {"time": {"min": 2.0, "sec": 54.44560098648071}, "loss": {"avg_train_loss": 0.20368251120144465, "avg_val_loss": 0.2702204574431692}}, "7": {"time": {"min": 2.0, "sec": 52.92441177368164}, "loss": {"avg_train_loss": 0.20012050361003517, "avg_val_loss": 0.25833787449768614}}, "8": {"time": {"min": 2.0, "sec": 39.20932722091675}, "loss": {"avg_train_loss": 0.19734397811709709, "avg_val_loss": 0.25334033582891735}}}