{"0": {"time": {"min": 2.0, "sec": 38.26836919784546}, "loss": {"avg_train_loss": 2.1480794369049794, "avg_val_loss": 0.5986664465495518}}, "1": {"time": {"min": 3.0, "sec": 0.06499719619750977}, "loss": {"avg_train_loss": 0.3722945755382754, "avg_val_loss": 0.30057997362954275}}, "2": {"time": {"min": 2.0, "sec": 44.099969148635864}, "loss": {"avg_train_loss": 0.25573348745984853, "avg_val_loss": 0.25987241736480166}}, "3": {"time": {"min": 2.0, "sec": 40.16024684906006}, "loss": {"avg_train_loss": 0.23103516844083677, "avg_val_loss": 0.2744253533227103}}, "4": {"time": {"min": 2.0, "sec": 25.179617881774902}, "loss": {"avg_train_loss": 0.2143601319699917, "avg_val_loss": 0.2636370946254049}}, "5": {"time": {"min": 2.0, "sec": 25.34455156326294}, "loss": {"avg_train_loss": 0.2067148859770793, "avg_val_loss": 0.2653861226780074}}}