{"0": {"time": {"min": 4.0, "sec": 9.997964143753052}, "loss": {"avg_train_loss": 1.5657040977253105, "avg_val_loss": 0.45623106190136503}}, "1": {"time": {"min": 2.0, "sec": 57.08464741706848}, "loss": {"avg_train_loss": 0.31173017564809546, "avg_val_loss": 0.2677433756845338}}, "2": {"time": {"min": 2.0, "sec": 43.85850143432617}, "loss": {"avg_train_loss": 0.24684516213974864, "avg_val_loss": 0.27005945997578756}}, "3": {"time": {"min": 2.0, "sec": 27.39916491508484}, "loss": {"avg_train_loss": 0.22577512545405692, "avg_val_loss": 0.2625095567532948}}, "4": {"time": {"min": 2.0, "sec": 43.36497354507446}, "loss": {"avg_train_loss": 0.21337436505083768, "avg_val_loss": 0.24955332172768457}}, "5": {"time": {"min": 2.0, "sec": 44.621541023254395}, "loss": {"avg_train_loss": 0.20384080314411307, "avg_val_loss": 0.24801998372588838}}, "6": {"time": {"min": 3.0, "sec": 4.891918182373047}, "loss": {"avg_train_loss": 0.2005518582069649, "avg_val_loss": 0.2640674614480564}}, "7": {"time": {"min": 2.0, "sec": 45.77513575553894}, "loss": {"avg_train_loss": 0.19906552782598533, "avg_val_loss": 0.2458692757146699}}, "8": {"time": {"min": 3.0, "sec": 4.287191867828369}, "loss": {"avg_train_loss": 0.19417620436200556, "avg_val_loss": 0.2528972881180899}}, "9": {"time": {"min": 3.0, "sec": 31.098493099212646}, "loss": {"avg_train_loss": 0.18724766401749737, "avg_val_loss": 0.25466873603207724}}}