{"0": {"time": {"min": 2.0, "sec": 49.579506397247314}, "loss": {"avg_train_loss": 0.7839723648327701, "avg_val_loss": 0.2712365761399269}}, "1": {"time": {"min": 3.0, "sec": 6.066542148590088}, "loss": {"avg_train_loss": 0.25404562056064606, "avg_val_loss": 0.259296324636255}}, "2": {"time": {"min": 3.0, "sec": 5.890532970428467}, "loss": {"avg_train_loss": 0.2302039825129059, "avg_val_loss": 0.25359575131109785}}, "3": {"time": {"min": 3.0, "sec": 5.778834104537964}, "loss": {"avg_train_loss": 0.21176144227666674, "avg_val_loss": 0.23984422854014806}}, "4": {"time": {"min": 3.0, "sec": 5.530965089797974}, "loss": {"avg_train_loss": 0.2047166978975512, "avg_val_loss": 0.2318292036652565}}, "5": {"time": {"min": 3.0, "sec": 5.726857423782349}, "loss": {"avg_train_loss": 0.19869792095895084, "avg_val_loss": 0.2474096715450287}}, "6": {"time": {"min": 2.0, "sec": 50.14852833747864}, "loss": {"avg_train_loss": 0.19028871632971853, "avg_val_loss": 0.23470646888017654}}, "7": {"time": {"min": 2.0, "sec": 49.70657825469971}, "loss": {"avg_train_loss": 0.1854563144580373, "avg_val_loss": 0.22004171035119466}}, "8": {"time": {"min": 3.0, "sec": 6.595596551895142}, "loss": {"avg_train_loss": 0.18549306437654314, "avg_val_loss": 0.23053219382252013}}, "9": {"time": {"min": 2.0, "sec": 50.96835994720459}, "loss": {"avg_train_loss": 0.18314398009822053, "avg_val_loss": 0.2482016874211175}}}