{"0": {"time": {"min": 3.0, "sec": 11.753973007202148}, "loss": {"avg_train_loss": 0.6870117859458024, "avg_val_loss": 0.32527767015354975}}, "1": {"time": {"min": 3.0, "sec": 27.773560523986816}, "loss": {"avg_train_loss": 0.2581217376128683, "avg_val_loss": 0.2940673295940672}}, "2": {"time": {"min": 3.0, "sec": 29.1972074508667}, "loss": {"avg_train_loss": 0.23338701533821393, "avg_val_loss": 0.28166921862534117}}, "3": {"time": {"min": 3.0, "sec": 28.754216194152832}, "loss": {"avg_train_loss": 0.22522006675882159, "avg_val_loss": 0.2547289548175676}}, "4": {"time": {"min": 3.0, "sec": 29.91299557685852}, "loss": {"avg_train_loss": 0.21142130078009838, "avg_val_loss": 0.27963557307209286}}, "5": {"time": {"min": 3.0, "sec": 16.454942226409912}, "loss": {"avg_train_loss": 0.20324719908102504, "avg_val_loss": 0.2910654672554561}}, "6": {"time": {"min": 3.0, "sec": 16.025481462478638}, "loss": {"avg_train_loss": 0.20623908093515433, "avg_val_loss": 0.2635406202503613}}}