{"0": {"time": {"min": 2.0, "sec": 37.28984594345093}, "loss": {"avg_train_loss": 1.085705652551831, "avg_val_loss": 0.3148759497063501}}, "1": {"time": {"min": 2.0, "sec": 52.54501962661743}, "loss": {"avg_train_loss": 0.26010099053382874, "avg_val_loss": 0.25429833786828177}}, "2": {"time": {"min": 2.0, "sec": 52.618977069854736}, "loss": {"avg_train_loss": 0.23019263092077002, "avg_val_loss": 0.242887159543378}}, "3": {"time": {"min": 2.0, "sec": 51.73053002357483}, "loss": {"avg_train_loss": 0.21068267271203814, "avg_val_loss": 0.2410324833222798}}, "4": {"time": {"min": 2.0, "sec": 54.68790102005005}, "loss": {"avg_train_loss": 0.20363526383660874, "avg_val_loss": 0.22867022986922944}}, "5": {"time": {"min": 2.0, "sec": 51.97056698799133}, "loss": {"avg_train_loss": 0.19681580477165725, "avg_val_loss": 0.2497183850833348}}, "6": {"time": {"min": 2.0, "sec": 36.40178561210632}, "loss": {"avg_train_loss": 0.1974555397371076, "avg_val_loss": 0.23701068652527674}}, "7": {"time": {"min": 2.0, "sec": 36.37007737159729}, "loss": {"avg_train_loss": 0.18641877821031608, "avg_val_loss": 0.24015409712280547}}}