{"0": {"time": {"min": 6.0, "sec": 6.208290100097656}, "loss": {"avg_train_loss": 0.8754474537552528, "avg_val_loss": 0.3279410781604903}}, "1": {"time": {"min": 6.0, "sec": 19.266831636428833}, "loss": {"avg_train_loss": 0.2950974191134831, "avg_val_loss": 0.28107697516679764}}, "2": {"time": {"min": 5.0, "sec": 46.93805003166199}, "loss": {"avg_train_loss": 0.2592118404946237, "avg_val_loss": 0.2740562068564551}}, "3": {"time": {"min": 5.0, "sec": 45.1935338973999}, "loss": {"avg_train_loss": 0.237926184849919, "avg_val_loss": 0.2518780997821263}}, "4": {"time": {"min": 7.0, "sec": 29.059282779693604}, "loss": {"avg_train_loss": 0.22968439195515974, "avg_val_loss": 0.2482707521745137}}, "5": {"time": {"min": 7.0, "sec": 13.33862853050232}, "loss": {"avg_train_loss": 0.22391921450506966, "avg_val_loss": 0.26788868116480963}}, "6": {"time": {"min": 6.0, "sec": 50.090885639190674}, "loss": {"avg_train_loss": 0.22030050518377772, "avg_val_loss": 0.25809270995003836}}, "7": {"time": {"min": 6.0, "sec": 35.374430418014526}, "loss": {"avg_train_loss": 0.23851909980459032, "avg_val_loss": 0.24514509098870413}}, "8": {"time": {"min": 7.0, "sec": 7.4815673828125}, "loss": {"avg_train_loss": 0.21177649751024427, "avg_val_loss": 0.24551186284848622}}, "9": {"time": {"min": 6.0, "sec": 41.54115915298462}, "loss": {"avg_train_loss": 0.2088576946056114, "avg_val_loss": 0.24965598114899226}}}