{"0": {"time": {"min": 2.0, "sec": 24.70250678062439}, "loss": {"avg_train_loss": 2.6434376161053494, "avg_val_loss": 0.7308708024876458}}, "1": {"time": {"min": 2.0, "sec": 40.17576217651367}, "loss": {"avg_train_loss": 0.4500566636616329, "avg_val_loss": 0.35443115234375}}, "2": {"time": {"min": 2.0, "sec": 40.1348397731781}, "loss": {"avg_train_loss": 0.2731762907977374, "avg_val_loss": 0.2930076037134443}}, "3": {"time": {"min": 2.0, "sec": 43.94480109214783}, "loss": {"avg_train_loss": 0.23157139853486475, "avg_val_loss": 0.2676891748394285}}, "4": {"time": {"min": 2.0, "sec": 39.28151822090149}, "loss": {"avg_train_loss": 0.21903362898331769, "avg_val_loss": 0.2671549394726753}}, "5": {"time": {"min": 2.0, "sec": 38.94763922691345}, "loss": {"avg_train_loss": 0.20786480493140672, "avg_val_loss": 0.27500907118831364}}, "6": {"time": {"min": 2.0, "sec": 23.880030393600464}, "loss": {"avg_train_loss": 0.2059827317606728, "avg_val_loss": 0.2569291761943272}}, "7": {"time": {"min": 2.0, "sec": 38.729512453079224}, "loss": {"avg_train_loss": 0.20025770759807443, "avg_val_loss": 0.25730912600244793}}, "8": {"time": {"min": 2.0, "sec": 23.91089677810669}, "loss": {"avg_train_loss": 0.19313938831383326, "avg_val_loss": 0.26441760467631475}}, "9": {"time": {"min": 2.0, "sec": 23.584482192993164}, "loss": {"avg_train_loss": 0.19024883266889825, "avg_val_loss": 0.26988441177776884}}}