{"0": {"time": {"min": 1.0, "sec": 59.9208083152771}, "loss": {"avg_train_loss": 1.2720595300197601, "avg_val_loss": 0.31748343046222416}}, "1": {"time": {"min": 2.0, "sec": 13.962706089019775}, "loss": {"avg_train_loss": 0.26410359172326214, "avg_val_loss": 0.2726683584707124}}, "2": {"time": {"min": 2.0, "sec": 14.251292705535889}, "loss": {"avg_train_loss": 0.22582388458386907, "avg_val_loss": 0.24043121933937073}}, "3": {"time": {"min": 2.0, "sec": 13.61844277381897}, "loss": {"avg_train_loss": 0.21499209780738038, "avg_val_loss": 0.2515550085476467}}, "4": {"time": {"min": 1.0, "sec": 57.74875020980835}, "loss": {"avg_train_loss": 0.20545872624190348, "avg_val_loss": 0.24066547623702458}}, "5": {"time": {"min": 1.0, "sec": 57.59695219993591}, "loss": {"avg_train_loss": 0.19161239294510968, "avg_val_loss": 0.23923964904887335}}, "6": {"time": {"min": 2.0, "sec": 13.393002986907959}, "loss": {"avg_train_loss": 0.19666538176671514, "avg_val_loss": 0.2354726078254836}}, "7": {"time": {"min": 2.0, "sec": 13.409749269485474}, "loss": {"avg_train_loss": 0.18170771059000268, "avg_val_loss": 0.23631634882518224}}, "8": {"time": {"min": 1.0, "sec": 58.4540753364563}, "loss": {"avg_train_loss": 0.1902085343059504, "avg_val_loss": 0.2534370422363281}}, "9": {"time": {"min": 1.0, "sec": 57.634209871292114}, "loss": {"avg_train_loss": 0.18174606392968376, "avg_val_loss": 0.246111661195755}}}