{"0": {"time": {"min": 2.0, "sec": 16.739972352981567}, "loss": {"avg_train_loss": 0.780985730998921, "avg_val_loss": 0.298201995236533}}, "1": {"time": {"min": 2.0, "sec": 31.811980724334717}, "loss": {"avg_train_loss": 0.25281022011109117, "avg_val_loss": 0.26480802042143686}}, "2": {"time": {"min": 2.0, "sec": 32.3818256855011}, "loss": {"avg_train_loss": 0.23012651221932107, "avg_val_loss": 0.25961012818983625}}, "3": {"time": {"min": 2.0, "sec": 31.83876657485962}, "loss": {"avg_train_loss": 0.21806659563532416, "avg_val_loss": 0.23870179163558142}}, "4": {"time": {"min": 2.0, "sec": 32.665868520736694}, "loss": {"avg_train_loss": 0.20572575505049723, "avg_val_loss": 0.23330547660589218}}, "5": {"time": {"min": 2.0, "sec": 31.816163539886475}, "loss": {"avg_train_loss": 0.1997580626663172, "avg_val_loss": 0.2457671112247876}}, "6": {"time": {"min": 2.0, "sec": 15.68027949333191}, "loss": {"avg_train_loss": 0.19221725244567078, "avg_val_loss": 0.23402268971715653}}, "7": {"time": {"min": 2.0, "sec": 15.696059942245483}, "loss": {"avg_train_loss": 0.18745170308733886, "avg_val_loss": 0.2387294066803796}}}