{"0": {"time": {"min": 2.0, "sec": 42.570340156555176}, "loss": {"avg_train_loss": 0.7171422344333721, "avg_val_loss": 0.2944490760564804}}, "1": {"time": {"min": 2.0, "sec": 58.70654487609863}, "loss": {"avg_train_loss": 0.2512981483958802, "avg_val_loss": 0.266666190964835}}, "2": {"time": {"min": 2.0, "sec": 57.677820444107056}, "loss": {"avg_train_loss": 0.22047527781072654, "avg_val_loss": 0.24682313523122243}}, "3": {"time": {"min": 2.0, "sec": 57.60736274719238}, "loss": {"avg_train_loss": 0.21618473810969657, "avg_val_loss": 0.24134992808103561}}, "4": {"time": {"min": 2.0, "sec": 59.013283014297485}, "loss": {"avg_train_loss": 0.20416072460840334, "avg_val_loss": 0.23359654524496623}}, "5": {"time": {"min": 2.0, "sec": 58.18830156326294}, "loss": {"avg_train_loss": 0.20089398296374195, "avg_val_loss": 0.22900148055383138}}, "6": {"time": {"min": 2.0, "sec": 58.04220485687256}, "loss": {"avg_train_loss": 0.19303746409011338, "avg_val_loss": 0.2380959540605545}}, "7": {"time": {"min": 2.0, "sec": 42.663310289382935}, "loss": {"avg_train_loss": 0.18505175692855186, "avg_val_loss": 0.2183958568743297}}, "8": {"time": {"min": 2.0, "sec": 59.0172016620636}, "loss": {"avg_train_loss": 0.17813096153286267, "avg_val_loss": 0.24036678671836853}}, "9": {"time": {"min": 2.0, "sec": 42.86384201049805}, "loss": {"avg_train_loss": 0.18284294430939657, "avg_val_loss": 0.22592714535338537}}}