{"0": {"time": {"min": 4.0, "sec": 37.777974367141724}, "loss": {"avg_train_loss": 1.2648654883762576, "avg_val_loss": 0.34797804270471844}}, "1": {"time": {"min": 4.0, "sec": 59.29981327056885}, "loss": {"avg_train_loss": 0.2821658501085245, "avg_val_loss": 0.28339171622480663}}, "2": {"time": {"min": 4.0, "sec": 58.34475350379944}, "loss": {"avg_train_loss": 0.23732734710540412, "avg_val_loss": 0.2542660278933389}}, "3": {"time": {"min": 5.0, "sec": 4.777011156082153}, "loss": {"avg_train_loss": 0.22923727895853654, "avg_val_loss": 0.2643317771809442}}, "4": {"time": {"min": 4.0, "sec": 30.117501497268677}, "loss": {"avg_train_loss": 0.2137240767478943, "avg_val_loss": 0.24672216389860427}}, "5": {"time": {"min": 5.0, "sec": 11.524049758911133}, "loss": {"avg_train_loss": 0.20404832683644206, "avg_val_loss": 0.2649309550012861}}, "6": {"time": {"min": 4.0, "sec": 29.339704990386963}, "loss": {"avg_train_loss": 0.20425504727183647, "avg_val_loss": 0.2523788586258888}}, "7": {"time": {"min": 4.0, "sec": 22.34900212287903}, "loss": {"avg_train_loss": 0.19599288195933937, "avg_val_loss": 0.24948077436004365}}}