{"0": {"time": {"min": 2.0, "sec": 42.83313846588135}, "loss": {"avg_train_loss": 0.8787513782955566, "avg_val_loss": 0.30678923428058624}}, "1": {"time": {"min": 2.0, "sec": 57.29162073135376}, "loss": {"avg_train_loss": 0.2517460750521354, "avg_val_loss": 0.24106873997620173}}, "2": {"time": {"min": 2.0, "sec": 58.1747100353241}, "loss": {"avg_train_loss": 0.22441774353666125, "avg_val_loss": 0.24910741938011988}}, "3": {"time": {"min": 2.0, "sec": 41.984827280044556}, "loss": {"avg_train_loss": 0.21138090570017976, "avg_val_loss": 0.2395975568464824}}, "4": {"time": {"min": 2.0, "sec": 57.10025596618652}, "loss": {"avg_train_loss": 0.2019462689476193, "avg_val_loss": 0.23656812948840006}}, "5": {"time": {"min": 2.0, "sec": 57.52580785751343}, "loss": {"avg_train_loss": 0.19918972113222447, "avg_val_loss": 0.2174413087112563}}, "6": {"time": {"min": 2.0, "sec": 58.13931584358215}, "loss": {"avg_train_loss": 0.19136348872814538, "avg_val_loss": 0.2216407773750169}}, "7": {"time": {"min": 2.0, "sec": 42.717652320861816}, "loss": {"avg_train_loss": 0.18165931189959905, "avg_val_loss": 0.24066899397543498}}, "8": {"time": {"min": 2.0, "sec": 42.37855005264282}, "loss": {"avg_train_loss": 0.18800691810418974, "avg_val_loss": 0.23067826458386012}}}