{"0": {"time": {"min": 3.0, "sec": 0.6052062511444092}, "loss": {"avg_train_loss": 0.8366482426535409, "avg_val_loss": 0.3024715195809092}}, "1": {"time": {"min": 3.0, "sec": 26.746620655059814}, "loss": {"avg_train_loss": 0.28122186210920225, "avg_val_loss": 0.27280612928526743}}, "2": {"time": {"min": 3.0, "sec": 25.35982346534729}, "loss": {"avg_train_loss": 0.24385311412361432, "avg_val_loss": 0.25500367475407465}}, "3": {"time": {"min": 5.0, "sec": 23.344836473464966}, "loss": {"avg_train_loss": 0.23272813069370557, "avg_val_loss": 0.2510294648153441}}, "4": {"time": {"min": 5.0, "sec": 5.922055244445801}, "loss": {"avg_train_loss": 0.22145134829125315, "avg_val_loss": 0.2328250982931682}}, "5": {"time": {"min": 5.0, "sec": 5.213843107223511}, "loss": {"avg_train_loss": 0.2130999283970527, "avg_val_loss": 0.23810540778296335}}, "6": {"time": {"min": 4.0, "sec": 32.07757544517517}, "loss": {"avg_train_loss": 0.21023808841435415, "avg_val_loss": 0.22808002361229487}}, "7": {"time": {"min": 5.0, "sec": 56.23765301704407}, "loss": {"avg_train_loss": 0.5777833321184482, "avg_val_loss": 3.1277879646846225}}, "8": {"time": {"min": 4.0, "sec": 26.008041858673096}, "loss": {"avg_train_loss": 0.7124103245870123, "avg_val_loss": 0.28120932089430944}}, "9": {"time": {"min": 4.0, "sec": 24.449869394302368}, "loss": {"avg_train_loss": 0.25842000993917574, "avg_val_loss": 0.2562352546623775}}}