{"0": {"time": {"min": 3.0, "sec": 1.3808948993682861}, "loss": {"avg_train_loss": 0.6785847125750668, "avg_val_loss": 0.33731817986283985}}, "1": {"time": {"min": 3.0, "sec": 15.30882978439331}, "loss": {"avg_train_loss": 0.25676233194909004, "avg_val_loss": 0.28407072382313864}}, "2": {"time": {"min": 3.0, "sec": 18.335696935653687}, "loss": {"avg_train_loss": 0.24187764497298114, "avg_val_loss": 0.30496383564812796}}, "3": {"time": {"min": 3.0, "sec": 4.058449983596802}, "loss": {"avg_train_loss": 0.2286704472213421, "avg_val_loss": 0.27575226979596273}}, "4": {"time": {"min": 3.0, "sec": 21.86999249458313}, "loss": {"avg_train_loss": 0.2096370795987687, "avg_val_loss": 0.2834119445511273}}, "5": {"time": {"min": 3.0, "sec": 4.834298610687256}, "loss": {"avg_train_loss": 0.2037585290535441, "avg_val_loss": 0.2661898838622229}}, "6": {"time": {"min": 3.0, "sec": 21.330085039138794}, "loss": {"avg_train_loss": 0.19799221799058733, "avg_val_loss": 0.28097154412950787}}, "7": {"time": {"min": 3.0, "sec": 5.324383974075317}, "loss": {"avg_train_loss": 0.19500509185611076, "avg_val_loss": 0.29578733337777}}, "8": {"time": {"min": 3.0, "sec": 3.3754241466522217}, "loss": {"avg_train_loss": 0.19330753484424554, "avg_val_loss": 0.3006967625447682}}}