{"0": {"time": {"min": 2.0, "sec": 8.007991075515747}, "loss": {"avg_train_loss": 0.8518772625698233, "avg_val_loss": 0.29268642727817806}}, "1": {"time": {"min": 2.0, "sec": 23.181944608688354}, "loss": {"avg_train_loss": 0.2584289365781928, "avg_val_loss": 0.2591457962989807}}, "2": {"time": {"min": 2.0, "sec": 23.83160901069641}, "loss": {"avg_train_loss": 0.22769001519904947, "avg_val_loss": 0.24395441263914108}}, "3": {"time": {"min": 2.0, "sec": 24.30780577659607}, "loss": {"avg_train_loss": 0.21258451634982847, "avg_val_loss": 0.2412372018609728}}, "4": {"time": {"min": 2.0, "sec": 23.992562770843506}, "loss": {"avg_train_loss": 0.20352358047692282, "avg_val_loss": 0.24440973145621164}}, "5": {"time": {"min": 2.0, "sec": 8.312179803848267}, "loss": {"avg_train_loss": 0.20190927330053077, "avg_val_loss": 0.23843711401735032}}, "6": {"time": {"min": 2.0, "sec": 24.547924757003784}, "loss": {"avg_train_loss": 0.19333162172785345, "avg_val_loss": 0.23220038733312062}}, "7": {"time": {"min": 2.0, "sec": 24.803577423095703}, "loss": {"avg_train_loss": 0.19075883081499137, "avg_val_loss": 0.2341821225626128}}, "8": {"time": {"min": 2.0, "sec": 8.63821530342102}, "loss": {"avg_train_loss": 0.18403619837086155, "avg_val_loss": 0.23652906183685576}}, "9": {"time": {"min": 2.0, "sec": 8.242154836654663}, "loss": {"avg_train_loss": 0.17736256994166463, "avg_val_loss": 0.24596300508294786}}}