{"0": {"time": {"min": 2.0, "sec": 12.12996768951416}, "loss": {"avg_train_loss": 0.8248819871893469, "avg_val_loss": 0.3026974265064512}}, "1": {"time": {"min": 2.0, "sec": 26.28670382499695}, "loss": {"avg_train_loss": 0.249124934650817, "avg_val_loss": 0.2460469709975379}}, "2": {"time": {"min": 2.0, "sec": 26.361379146575928}, "loss": {"avg_train_loss": 0.22710477490470093, "avg_val_loss": 0.2307931504079274}}, "3": {"time": {"min": 2.0, "sec": 26.344453811645508}, "loss": {"avg_train_loss": 0.2109355684721245, "avg_val_loss": 0.24755335599184036}}, "4": {"time": {"min": 2.0, "sec": 9.98424482345581}, "loss": {"avg_train_loss": 0.21180157166606975, "avg_val_loss": 0.22478618259940827}}, "5": {"time": {"min": 2.0, "sec": 26.42424988746643}, "loss": {"avg_train_loss": 0.19511278001767285, "avg_val_loss": 0.23876834341457912}}, "6": {"time": {"min": 2.0, "sec": 10.055851459503174}, "loss": {"avg_train_loss": 0.18974364703556276, "avg_val_loss": 0.24229473301342555}}, "7": {"time": {"min": 2.0, "sec": 10.360628366470337}, "loss": {"avg_train_loss": 0.18657852456254778, "avg_val_loss": 0.22705164551734924}}}