{"0": {"time": {"min": 2.0, "sec": 2.6342644691467285}, "loss": {"avg_train_loss": 0.9472332118817095, "avg_val_loss": 0.3047576865979603}}, "1": {"time": {"min": 2.0, "sec": 19.96172261238098}, "loss": {"avg_train_loss": 0.2612100302610757, "avg_val_loss": 0.2700909897685051}}, "2": {"time": {"min": 2.0, "sec": 18.081782341003418}, "loss": {"avg_train_loss": 0.2257361279905967, "avg_val_loss": 0.24480197259357997}}, "3": {"time": {"min": 2.0, "sec": 17.42211604118347}, "loss": {"avg_train_loss": 0.21749369687629197, "avg_val_loss": 0.24114093716655458}}, "4": {"time": {"min": 2.0, "sec": 17.674173593521118}, "loss": {"avg_train_loss": 0.20582492424632018, "avg_val_loss": 0.24016446513789041}}, "5": {"time": {"min": 2.0, "sec": 17.65862512588501}, "loss": {"avg_train_loss": 0.19874705205548485, "avg_val_loss": 0.2314878414784159}}, "6": {"time": {"min": 2.0, "sec": 17.87137484550476}, "loss": {"avg_train_loss": 0.19126284741005808, "avg_val_loss": 0.24097663164138794}}, "7": {"time": {"min": 2.0, "sec": 2.2890539169311523}, "loss": {"avg_train_loss": 0.18611974620594168, "avg_val_loss": 0.23090037916387832}}, "8": {"time": {"min": 2.0, "sec": 18.766195058822632}, "loss": {"avg_train_loss": 0.18180680556117362, "avg_val_loss": 0.23452665656805038}}, "9": {"time": {"min": 2.0, "sec": 2.1932532787323}, "loss": {"avg_train_loss": 0.1786632535030257, "avg_val_loss": 0.23084789088794164}}}