{"0": {"time": {"min": 5.0, "sec": 49.60979890823364}, "loss": {"avg_train_loss": 0.6800783855735131, "avg_val_loss": 0.2849965627704348}}, "1": {"time": {"min": 6.0, "sec": 10.699313879013062}, "loss": {"avg_train_loss": 0.25791283429793593, "avg_val_loss": 0.26886867944683346}}, "2": {"time": {"min": 5.0, "sec": 31.282577991485596}, "loss": {"avg_train_loss": 0.2459518752008114, "avg_val_loss": 0.23426762223243713}}, "3": {"time": {"min": 5.0, "sec": 10.397444725036621}, "loss": {"avg_train_loss": 0.2282983033724551, "avg_val_loss": 0.2272926132593836}}, "4": {"time": {"min": 6.0, "sec": 41.92478966712952}, "loss": {"avg_train_loss": 0.21880142559420387, "avg_val_loss": 0.24615958758762904}}, "5": {"time": {"min": 5.0, "sec": 10.027267694473267}, "loss": {"avg_train_loss": 0.21034051365447495, "avg_val_loss": 0.22388903903109686}}, "6": {"time": {"min": 5.0, "sec": 28.408329963684082}, "loss": {"avg_train_loss": 0.20208875469441684, "avg_val_loss": 0.23801114090851375}}, "7": {"time": {"min": 5.0, "sec": 0.6878871917724609}, "loss": {"avg_train_loss": 0.1977132519461074, "avg_val_loss": 0.21223896741867065}}, "8": {"time": {"min": 5.0, "sec": 28.20042085647583}, "loss": {"avg_train_loss": 0.20414334957329733, "avg_val_loss": 0.22988299706152507}}, "9": {"time": {"min": 4.0, "sec": 56.11609172821045}, "loss": {"avg_train_loss": 0.19685660162062016, "avg_val_loss": 0.21895409375429153}}}