{"0": {"time": {"min": 2.0, "sec": 47.48181962966919}, "loss": {"avg_train_loss": 0.714235525086241, "avg_val_loss": 0.28721536483083454}}, "1": {"time": {"min": 3.0, "sec": 3.020535945892334}, "loss": {"avg_train_loss": 0.2500276745490308, "avg_val_loss": 0.2342496940067836}}, "2": {"time": {"min": 3.0, "sec": 2.4424264430999756}, "loss": {"avg_train_loss": 0.22914029207994352, "avg_val_loss": 0.22311295143195561}}, "3": {"time": {"min": 3.0, "sec": 2.537947416305542}, "loss": {"avg_train_loss": 0.21863895064254976, "avg_val_loss": 0.23258899684463227}}, "4": {"time": {"min": 2.0, "sec": 47.38984775543213}, "loss": {"avg_train_loss": 0.20325508629376032, "avg_val_loss": 0.2250880322286061}}, "5": {"time": {"min": 2.0, "sec": 47.31542658805847}, "loss": {"avg_train_loss": 0.19992906361256005, "avg_val_loss": 0.22728427073785237}}}