{"0": {"time": {"min": 4.0, "sec": 27.164888620376587}, "loss": {"avg_train_loss": 1.3806778290924036, "avg_val_loss": 0.40981305284159525}}, "1": {"time": {"min": 4.0, "sec": 55.57714581489563}, "loss": {"avg_train_loss": 0.29292857703172936, "avg_val_loss": 0.2832032176000731}}, "2": {"time": {"min": 4.0, "sec": 56.003164291381836}, "loss": {"avg_train_loss": 0.24333827169436328, "avg_val_loss": 0.26113417212452206}}, "3": {"time": {"min": 5.0, "sec": 4.784011363983154}, "loss": {"avg_train_loss": 0.21839976648114762, "avg_val_loss": 0.25751881088529316}}, "4": {"time": {"min": 5.0, "sec": 4.206295490264893}, "loss": {"avg_train_loss": 0.2167219733292202, "avg_val_loss": 0.267058008483478}}, "5": {"time": {"min": 4.0, "sec": 33.14822030067444}, "loss": {"avg_train_loss": 0.20351289184588306, "avg_val_loss": 0.24500175778354918}}, "6": {"time": {"min": 5.0, "sec": 0.22858262062072754}, "loss": {"avg_train_loss": 0.19864290868336298, "avg_val_loss": 0.26198367880923407}}, "7": {"time": {"min": 4.0, "sec": 28.89785647392273}, "loss": {"avg_train_loss": 0.1964389979839325, "avg_val_loss": 0.24462403569902694}}, "8": {"time": {"min": 5.0, "sec": 1.9329025745391846}, "loss": {"avg_train_loss": 0.19107789813347584, "avg_val_loss": 0.2573754382984979}}, "9": {"time": {"min": 4.0, "sec": 20.760075330734253}, "loss": {"avg_train_loss": 0.18715559592786826, "avg_val_loss": 0.24258173682859965}}}