{"0": {"time": {"min": 3.0, "sec": 2.124354362487793}, "loss": {"avg_train_loss": 0.6981960177983878, "avg_val_loss": 0.3143167069980076}}, "1": {"time": {"min": 3.0, "sec": 17.732758283615112}, "loss": {"avg_train_loss": 0.2536681943906928, "avg_val_loss": 0.2546019011310169}}, "2": {"time": {"min": 3.0, "sec": 16.393211126327515}, "loss": {"avg_train_loss": 0.22533339711855044, "avg_val_loss": 0.2415819051010268}}, "3": {"time": {"min": 3.0, "sec": 16.068085432052612}, "loss": {"avg_train_loss": 0.2141401227915062, "avg_val_loss": 0.24243274118219102}}, "4": {"time": {"min": 2.0, "sec": 59.7752001285553}, "loss": {"avg_train_loss": 0.20645832537480122, "avg_val_loss": 0.24187520465680531}}, "5": {"time": {"min": 3.0, "sec": 0.44498634338378906}, "loss": {"avg_train_loss": 0.19797029669554728, "avg_val_loss": 0.2277409860066005}}, "6": {"time": {"min": 3.0, "sec": 16.472753286361694}, "loss": {"avg_train_loss": 0.19436336379006225, "avg_val_loss": 0.24488535736288344}}, "7": {"time": {"min": 2.0, "sec": 59.878610372543335}, "loss": {"avg_train_loss": 0.18599605391610344, "avg_val_loss": 0.22884536108800344}}, "8": {"time": {"min": 3.0, "sec": 0.33034300804138184}, "loss": {"avg_train_loss": 0.1813330588475713, "avg_val_loss": 0.23084569509540284}}}