{"0": {"time": {"min": 2.0, "sec": 40.675321102142334}, "loss": {"avg_train_loss": 1.081815628510601, "avg_val_loss": 0.3214662703020232}}, "1": {"time": {"min": 2.0, "sec": 55.65586447715759}, "loss": {"avg_train_loss": 0.27789254345983827, "avg_val_loss": 0.2634096603308405}}, "2": {"time": {"min": 2.0, "sec": 55.07991147041321}, "loss": {"avg_train_loss": 0.2309083859875517, "avg_val_loss": 0.23758782339947565}}, "3": {"time": {"min": 2.0, "sec": 54.43116497993469}, "loss": {"avg_train_loss": 0.22169233380623585, "avg_val_loss": 0.2452621789915221}}, "4": {"time": {"min": 2.0, "sec": 38.87283778190613}, "loss": {"avg_train_loss": 0.20797131280854064, "avg_val_loss": 0.22739743760653905}}, "5": {"time": {"min": 2.0, "sec": 56.170328855514526}, "loss": {"avg_train_loss": 0.19329807106054053, "avg_val_loss": 0.22702800695385253}}, "6": {"time": {"min": 2.0, "sec": 55.239163875579834}, "loss": {"avg_train_loss": 0.19346664030596894, "avg_val_loss": 0.24236763162272318}}, "7": {"time": {"min": 2.0, "sec": 40.03056621551514}, "loss": {"avg_train_loss": 0.19045298560610358, "avg_val_loss": 0.2269768225295203}}, "8": {"time": {"min": 2.0, "sec": 55.899364948272705}, "loss": {"avg_train_loss": 0.18609764469119738, "avg_val_loss": 0.22071139301572526}}, "9": {"time": {"min": 2.0, "sec": 56.314154386520386}, "loss": {"avg_train_loss": 0.1782914490069983, "avg_val_loss": 0.22199636165584838}}}